MAPID;NAME;LOCATION;MAINTAINER;IN_OPERATION;PET_FRIENDLY;PHOTO_NAME;Geom;Geo Local Area;geo_point_2d
DFPB0004;"Fountain location:
Almond Park";S-side of playground;Parks;spring to fall;;;"{""coordinates"": [-123.18474450987034, 49.26108572763105], ""type"": ""Point""}";Kitsilano;49.26108572763105, -123.18474450987034
DFPB0008;"Fountain location:
Arbutus Village Park";S-side of playground;Parks;spring to fall;;;"{""coordinates"": [-123.157976371445, 49.248784480708856], ""type"": ""Point""}";Arbutus-Ridge;49.248784480708856, -123.157976371445
DFPB0011;"Fountain location:
Beaconsfield Park";adjacent to field house;Parks;spring to fall;;Beaconsfield Park - drinking fountain - 2005.JPG;"{""coordinates"": [-123.05005566614936, 49.25529665790978], ""type"": ""Point""}";Renfrew-Collingwood;49.25529665790978, -123.05005566614936
DFPB0014;"Fountain location:
Carnarvon Park";S-side of wading pool;Parks;spring to fall;;;"{""coordinates"": [-123.17249944309232, 49.25703164790549], ""type"": ""Point""}";Arbutus-Ridge;49.25703164790549, -123.17249944309232
DFPB0021;"Fountain location:
Clinton Park - East side of wading pool";E-side of wading pool;Parks;spring to fall;;Clinton Park - drinking fountain - 2005.JPG;"{""coordinates"": [-123.05012162418116, 49.27080498248805], ""type"": ""Point""}";Hastings-Sunrise;49.27080498248805, -123.05012162418116
DFPB0023;"Fountain location:
Coal Harbour Park";near playground;Parks;spring to fall;;;"{""coordinates"": [-123.12537005471899, 49.28997735565045], ""type"": ""Point""}";Downtown;49.28997735565045, -123.12537005471899
DFPB0033;"Fountain location:
David Lam Park - South west of playgrounds";E area, near playground;Parks;spring to fall;;;"{""coordinates"": [-123.12327408831909, 49.27249998987751], ""type"": ""Point""}";Downtown;49.27249998987751, -123.12327408831909
DFPB0036;"Fountain location:
Douglas Park (community centre)";exterior of building;Parks;spring to fall;;Douglas Park - drinking fountain 2 - 2005.JPG;"{""coordinates"": [-123.12248713679699, 49.252041562131495], ""type"": ""Point""}";South Cambie;49.252041562131495, -123.12248713679699
DFPB0038;"Fountain location:
Elm Park";N-side of field house;Parks;spring to fall;;;"{""coordinates"": [-123.16338644585873, 49.2335891619661], ""type"": ""Point""}";Kerrisdale;49.2335891619661, -123.16338644585873
DFPB0039;"Fountain location:
Emery Barnes Park - Dog off-leash area";;Parks;;;;"{""coordinates"": [-123.12378107952713, 49.277097085980934], ""type"": ""Point""}";Downtown;49.277097085980934, -123.12378107952713
DFPB0046;"Fountain location:
Fraser River Park - park entrance by Angus Dr";near park entrance by Angus Dr;Parks;spring to fall;;Fraser River Park - drinking fountain - 2007.JPG;"{""coordinates"": [-123.14932242480502, 49.20723462029865], ""type"": ""Point""}";Kerrisdale;49.20723462029865, -123.14932242480502
DFPB0053;"Fountain location:
George Park";southeast corner of park;Parks;spring to fall;;George Park - drinking fountain - 2005.JPG;"{""coordinates"": [-123.09358705827185, 49.212521750458855], ""type"": ""Point""}";Sunset;49.212521750458855, -123.09358705827185
DFPB0055;"Fountain location:
Grandview Park - West of Stage";Close to the Stage;Parks;spring to fall;;;"{""coordinates"": [-123.07079528098261, 49.27367804148393], ""type"": ""Point""}";Grandview-Woodland;49.27367804148393, -123.07079528098261
DFPB0058;"Fountain location:
Grays Park";front of wading pool;Parks;spring to fall;;;"{""coordinates"": [-123.08497892775704, 49.24108234786047], ""type"": ""Point""}";Kensington-Cedar Cottage;49.24108234786047, -123.08497892775704
DFPB0063;"Fountain location:
Hastings Community Park - South of wading pool";besides wading pool;Parks;spring to fall;;Hastings Community Park - drinking fountain - 2005.JPG;"{""coordinates"": [-123.03820552198269, 49.280485189595346], ""type"": ""Point""}";Hastings-Sunrise;49.280485189595346, -123.03820552198269
DFPB0072;"Fountain location:
Hillcrest Park - East side";;Parks;;;;"{""coordinates"": [-123.10695405521624, 49.24576803722393], ""type"": ""Point""}";Riley Park;49.24576803722393, -123.10695405521624
DFPB0076;"Fountain location:
Kaslo Park";SE corner of tennis courts;Parks;spring to fall;;;"{""coordinates"": [-123.04513661129735, 49.26405984253122], ""type"": ""Point""}";Hastings-Sunrise;49.26405984253122, -123.04513661129735
DFPB0078;"Fountain location:
Kerrisdale Centennial Park";2nd N-side entrance;Parks;spring to fall;;;"{""coordinates"": [-123.15718540627705, 49.23343616142541], ""type"": ""Point""}";Kerrisdale;49.23343616142541, -123.15718540627705
DFPB0084;"Fountain location:
Kitsilano Beach Park - North of parking lot";besides parking lot;Parks;spring to fall;;;"{""coordinates"": [-123.15172825900372, 49.276845069596696], ""type"": ""Point""}";Kitsilano;49.276845069596696, -123.15172825900372
DFPB0082;"Fountain location:
Kitsilano Beach Park - washroom wall";opposite washrooms;Parks;spring to fall;;;"{""coordinates"": [-123.15380496982891, 49.27448261571296], ""type"": ""Point""}";Kitsilano;49.27448261571296, -123.15380496982891
DFPB0086;"Fountain location:
Langara Golf Course - cambie pathway";cambie pathway;Parks;spring to fall;;;"{""coordinates"": [-123.11632117402527, 49.22318016335154], ""type"": ""Point""}";Oakridge;49.22318016335154, -123.11632117402527
DFPB0085;"Fountain location:
Langara Golf Course - servive yard";servive yard;Parks;spring to fall;;;"{""coordinates"": [-123.11170640059784, 49.21827204955769], ""type"": ""Point""}";Marpole;49.21827204955769, -123.11170640059784
DFPB0091;"Fountain location:
Maclean Park";;Parks;;;;"{""coordinates"": [-123.08942685427833, 49.27894833743796], ""type"": ""Point""}";Strathcona;49.27894833743796, -123.08942685427833
DFPB0092;"Fountain location:
Major Matthews Park";;Parks;;;;"{""coordinates"": [-123.10699401283071, 49.26168106933267], ""type"": ""Point""}";Mount Pleasant;49.26168106933267, -123.10699401283071
DFPB0094;"Fountain location:
Maple Grove Park - East of pool";E-side of pool;Parks;spring to fall;;;"{""coordinates"": [-123.15968744948694, 49.22328494934488], ""type"": ""Point""}";Kerrisdale;49.22328494934488, -123.15968744948694
DFPB0097;"Fountain location:
McCleery Golf Course - 5th tee";5th tee;Parks;spring to fall;;;"{""coordinates"": [-123.17088052677056, 49.22048268726047], ""type"": ""Point""}";Kerrisdale;49.22048268726047, -123.17088052677056
DFPB0101;"Fountain location:
Melbourne Park";front of tennis courts;Parks;spring to fall;;Melbourne Park - drinking fountain - 2005.JPG;"{""coordinates"": [-123.02909158487584, 49.2365292742264], ""type"": ""Point""}";Renfrew-Collingwood;49.2365292742264, -123.02909158487584
DFPB0102;"Fountain location:
Memorial South Park - West of Softball Diamond";;Parks;;;;"{""coordinates"": [-123.08475728792786, 49.231628076232425], ""type"": ""Point""}";Sunset;49.231628076232425, -123.08475728792786
DFPB0104;"Fountain location:
Memorial West Park";S of tennis courts;Parks;spring to fall;;;"{""coordinates"": [-123.18728157172303, 49.24346335953531], ""type"": ""Point""}";Dunbar-Southlands;49.24346335953531, -123.18728157172303
DFPB0109;"Fountain location:
Mount Pleasant Park";S-side of wading pool;Parks;spring to fall;;;"{""coordinates"": [-123.10643102129615, 49.25697067120588], ""type"": ""Point""}";Mount Pleasant;49.25697067120588, -123.10643102129615
DFPB0114;"Fountain location:
New Brighton Park - South west of playground";SW of playground;Parks;spring to fall;;New Brighton - drinking fountain 1 - 2007.JPG;"{""coordinates"": [-123.03867549952085, 49.28953737894174], ""type"": ""Point""}";Hastings-Sunrise;49.28953737894174, -123.03867549952085
DFPB0112;"Fountain location:
New Brighton Park - West of tennis courts";W-side of tennis courts;Parks;spring to fall;;;"{""coordinates"": [-123.03551547838973, 49.289696384000045], ""type"": ""Point""}";Hastings-Sunrise;49.289696384000045, -123.03551547838973
DFPB0190;"Fountain location:
Park Site On South East False Creek";NE side of the park;Parks;;;;"{""coordinates"": [-123.10941362001645, 49.27234240595487], ""type"": ""Point""}";Mount Pleasant;49.27234240595487, -123.10941362001645
DFPB0123;"Fountain location:
Queen Elizabeth Park - Pitch and Putt Course";Pitch and Putt Course;Parks;year-round;;;"{""coordinates"": [-123.11152710106677, 49.23927230037656], ""type"": ""Point""}";Riley Park;49.23927230037656, -123.11152710106677
DFPB0126;"Fountain location:
Quilchena Park";W-side of fieldhouse;Parks;spring to fall;;;"{""coordinates"": [-123.1488133244043, 49.24472539986782], ""type"": ""Point""}";Arbutus-Ridge;49.24472539986782, -123.1488133244043
DFPB0127;"Fountain location:
Renfrew Community Park";adjacent to wading pool;Parks;spring to fall;;Renfrew Park - drinking fountain - 2007.JPG;"{""coordinates"": [-123.04207062382282, 49.25221559661864], ""type"": ""Point""}";Renfrew-Collingwood;49.25221559661864, -123.04207062382282
DFPB0128;"Fountain location:
Riverfront Park - East of washrooms";E-side of washrooms;Parks;spring to fall;;;"{""coordinates"": [-123.05180181298957, 49.20585962877704], ""type"": ""Point""}";Killarney;49.20585962877704, -123.05180181298957
DFPB0133;"Fountain location:
Ross Park";in front of wading pool;Parks;spring to fall;;;"{""coordinates"": [-123.08241897664004, 49.21691584630587], ""type"": ""Point""}";Sunset;49.21691584630587, -123.08241897664004
DFPB0135;"Fountain location:
Rupert Park";E-side of playground;Parks;spring to fall;;;"{""coordinates"": [-123.03306351417534, 49.27122599793046], ""type"": ""Point""}";Hastings-Sunrise;49.27122599793046, -123.03306351417534
DFPB0189;"Fountain location:
Seawall - Creekside";Seawall - in front of Creekside Community Recreation Centre;Parks;;;;"{""coordinates"": [-123.10573882205857, 49.27218289136859], ""type"": ""Point""}";Mount Pleasant;49.27218289136859, -123.10573882205857
DFPB0191;"Fountain location:
Shannon Mews Park";;Parks;;;;"{""coordinates"": [-123.14147665855549, 49.21970273952661], ""type"": ""Point""}";Kerrisdale;49.21970273952661, -123.14147665855549
DFPB0138;"Fountain location:
Slocan Greenway";12th and slocan;Parks;spring to fall;;;"{""coordinates"": [-123.0497356630516, 49.25835999543246], ""type"": ""Point""}";Renfrew-Collingwood;49.25835999543246, -123.0497356630516
DFPB0139;"Fountain location:
Slocan Park";near playground;Parks;spring to fall;;;"{""coordinates"": [-123.04835768589251, 49.24439943119382], ""type"": ""Point""}";Renfrew-Collingwood;49.24439943119382, -123.04835768589251
DFPB0140;"Fountain location:
Spanish Banks Beach Park";on north wall of washrooms;Parks;spring to fall;;;"{""coordinates"": [-123.2223817077116, 49.27759005971061], ""type"": ""Point""}";West Point Grey;49.27759005971061, -123.2223817077116
DFPB0162;"Fountain location:
Stanley Park - Admin building";Park Board Office;Parks;year-round;;;"{""coordinates"": [-123.148332, 49.310653], ""type"": ""Point""}";;49.310653, -123.148332
DFPB0142;"Fountain location:
Stanley Park - Lumbermen's Arch";Lumbermen's Arch;Parks;year-round;;;"{""coordinates"": [-123.1306800546251, 49.30310662903523], ""type"": ""Point""}";;49.30310662903523, -123.1306800546251
DFPB0186;"Fountain location:
Stanley Park - North east of Rose and Perennial Ga";;Parks;;;;"{""coordinates"": [-123.13414455639086, 49.29913054667917], ""type"": ""Point""}";;49.29913054667917, -123.13414455639086
DFPB0149;"Fountain location:
Stanley Park - Putting Green";Pitch and Putt Course;Parks;;;;"{""coordinates"": [-123.14647218147267, 49.293113413609824], ""type"": ""Point""}";;49.293113413609824, -123.14647218147267
DFPB0151;"Fountain location:
Stanley Park - Second Beach";Second Beach;Parks;year-round;;;"{""coordinates"": [-123.15001256396323, 49.294985445746754], ""type"": ""Point""}";;49.294985445746754, -123.15001256396323
DFPB0152;"Fountain location:
Stanley Park - Second Beach Pool";Second Beach pool deck;Parks;spring to fall;;;"{""coordinates"": [-123.15104120435711, 49.295573663121964], ""type"": ""Point""}";;49.295573663121964, -123.15104120435711
DFPB0144;"Fountain location:
Stanley Park - South west of playground";Rose Garden playground;Parks;;;;"{""coordinates"": [-123.148332, 49.310653], ""type"": ""Point""}";;49.310653, -123.148332
DFPB0150;"Fountain location:
Stanley Park - West of Shore to Shore sculpture";Totem poles;Parks;;;;"{""coordinates"": [-123.1206750891925, 49.29905793154208], ""type"": ""Point""}";;49.29905793154208, -123.1206750891925
DFPB0165;"Fountain location:
Sunrise Park";N-side of wading pool;Parks;spring to fall;;;"{""coordinates"": [-123.03565354298085, 49.26699890812438], ""type"": ""Point""}";Hastings-Sunrise;49.26699890812438, -123.03565354298085
DFPB0066;"Fountain location:
Sunset Beach";on building wall;Parks;spring to fall;;English Bay Park - drinking fountain - 2005.jpg;"{""coordinates"": [-123.1380051652894, 49.27900212016302], ""type"": ""Point""}";West End;49.27900212016302, -123.1380051652894
DFPB0175;"Fountain location:
Vandusen Botanical Garden";near reflecting pond;Parks;spring to fall;;;"{""coordinates"": [-123.1294242143457, 49.23950659846841], ""type"": ""Point""}";Shaughnessy;49.23950659846841, -123.1294242143457
DFPB0181;"Fountain location:
West End minipark - JERVIS ST @ BURNABY ST";north end;Parks;spring to fall;;;"{""coordinates"": [-123.13603714371125, 49.28209318599128], ""type"": ""Point""}";West End;49.28209318599128, -123.13603714371125
DFPB0182;"Fountain location:
West Point Grey Park - lawn bowling court";In lawn bowling court;Parks;spring to fall;;;"{""coordinates"": [-123.20514683290192, 49.266959448015996], ""type"": ""Point""}";West Point Grey;49.266959448015996, -123.20514683290192
DFPB0184;"Fountain location:
Winona Park";near playground;Parks;spring to fall;;;"{""coordinates"": [-123.1130441730933, 49.21594381468852], ""type"": ""Point""}";Marpole;49.21594381468852, -123.1130441730933
DFENG0806;Temporary Misting Station location: Andy Livingston Park;NW corner of Andy Livingston Park;Engineering;May-October;N;;"{""coordinates"": [-123.105654, 49.279211], ""type"": ""Point""}";Downtown;49.279211, -123.105654
DFENG0803;Temporary Misting Station location: Granville & W 10th;NE corner of Granville St & W 10th Ave;Engineering;May-October;N;;"{""coordinates"": [-123.138411, 49.262698], ""type"": ""Point""}";Fairview;49.262698, -123.138411
DFENG0807;Temporary Misting Station location: Nelson Park;NW corner of Thurlow St & Comox St;Engineering;May-October;N;;"{""coordinates"": [-123.129159, 49.281931], ""type"": ""Point""}";West End;49.281931, -123.129159
DFENG0802;Temporary Misting Station location: Robson & Cardero;SW corner of Robson St & Cardero St;Engineering;May-October;N;;"{""coordinates"": [-123.132493, 49.289447], ""type"": ""Point""}";West End;49.289447, -123.132493
DFENG0808;Temporary Misting Station location: West Blvd & W 45th;SE corner of West Boulevard & W 45th Ave;Engineering;May-October;N;;"{""coordinates"": [-123.155629, 49.230778], ""type"": ""Point""}";Kerrisdale;49.230778, -123.155629
DFENG0500;"Bottle Filling Station location: 
Charleson Park Pumping Station";North side of sewage pumping station 900 Charleson;Engineering;Year Round;N;CharlesonParkPumpingStation.jpg;"{""coordinates"": [-123.125914, 49.2663411], ""type"": ""Point""}";Fairview;49.2663411, -123.125914
DFENG0501;"Bottle Filling Station location: 
Grandview Hwy Pumping Station";;Engineering;Year Round;N;GrandviewHwyPumpingStation.jpg;"{""coordinates"": [-123.041381, 49.257924], ""type"": ""Point""}";Renfrew-Collingwood;49.257924, -123.041381
DFENG0054;Fountain location : E 30th Ave & Gladstone St;East Side corner Gladstone at E 30th Ave;Engineering;Year Round;N;gladstone_30th.jpg;"{""coordinates"": [-123.0624878, 49.242966], ""type"": ""Point""}";Kensington-Cedar Cottage;49.242966, -123.0624878
DFENG0001;"Fountain location:
28th & Main";Northeast corner of 28th & Main;Engineering;May-October;N;28th_main.jpg;"{""coordinates"": [-123.10102, 49.245762], ""type"": ""Point""}";Riley Park;49.245762, -123.10102
DFENG0012;"Fountain location:
37th & Oak";Southeast corner of 37th & Oak;Engineering;May-October;N;37th_oak.jpg;"{""coordinates"": [-123.127384, 49.237587], ""type"": ""Point""}";South Cambie;49.237587, -123.127384
DFENG0013;"Fountain location:
37th & Ontario";Northwest corner of 37th & Ontario;Engineering;May-October;N;37th_ontario.jpg;"{""coordinates"": [-123.105647, 49.237446], ""type"": ""Point""}";Riley Park;49.237446, -123.105647
DFENG0018;"Fountain location:
37th & Prince Edward";Northwest corner of 37th & Prince Edward;Engineering;May-October;Y;37th_prince_edward.jpg;"{""coordinates"": [-123.09728295, 49.2371952], ""type"": ""Point""}";Riley Park;49.2371952, -123.09728295
DFENG0022;"Fountain location:
Ashburn & Elliot";Northwest corner of Ashburn & Elliot;Engineering;May-October;N;ashburn_elliott.jpg;"{""coordinates"": [-123.055044, 49.2187548], ""type"": ""Point""}";Victoria-Fraserview;49.2187548, -123.055044
DFENG0005;"Fountain location:
Cardero & Burnaby";In the mini park at Cardero & Burnaby;Engineering;May-October;N;cardero_burnaby.jpg;"{""coordinates"": [-123.13955439, 49.28451988], ""type"": ""Point""}";West End;49.28451988, -123.13955439
DFENG0033;"Fountain location:
Denman & Nelson";Southwest corner of Denman & Nelson;Engineering;May-October;N;denman_nelson.jpg;"{""coordinates"": [-123.13854854, 49.28922483], ""type"": ""Point""}";West End;49.28922483, -123.13854854
DFENG0017;"Fountain location:
Elgin & 37th";Northwest corner of Elgin & 37th;Engineering;May-October;N;elgin_37th.jpg;"{""coordinates"": [-123.084037, 49.2365274], ""type"": ""Point""}";Kensington-Cedar Cottage;49.2365274, -123.084037
DFENG0029;"Fountain location:
Granville & 59th";Northeast corner of Granville & 59th;Engineering;Year Round;N;granville_59th.jpg;"{""coordinates"": [-123.139586, 49.2173117], ""type"": ""Point""}";Marpole;49.2173117, -123.139586
DFENG0020;"Fountain location:
Hastings & Gore";Northeast corner of Hastings & Gore;Engineering;Year Round;N;e_hastings_gore.jpg;"{""coordinates"": [-123.097231, 49.281386], ""type"": ""Point""}";Strathcona;49.281386, -123.097231
DFENG0010;"Fountain location:
Robson & Chilco";In mini park at Robson & Chilco;Engineering;Year Round;Y;robson_chilco.jpg;"{""coordinates"": [-123.13827002, 49.29345716], ""type"": ""Point""}";West End;49.29345716, -123.13827002
DFENG0030;"Fountain location:
Union & Hawks";In mini park at Union & Hawks;Engineering;Year Round;N;union_hawks.jpg;"{""coordinates"": [-123.087389, 49.2775724], ""type"": ""Point""}";Strathcona;49.2775724, -123.087389
DFENG0050;Fountain location: 10th & Kingsway;Northwest corner of 10th & Kingsway;Engineering;May-October;Y;10th_kingsway.jpg;"{""coordinates"": [-123.098912, 49.261984], ""type"": ""Point""}";Mount Pleasant;49.261984, -123.098912
DFENG0047;Fountain location: 4963 Cambie St;Northwest corner of Cambie and W 35th;Engineering;Year Round;N;Cambie&W35th.jpg;"{""coordinates"": [-123.117008, 49.238962], ""type"": ""Point""}";South Cambie;49.238962, -123.117008
DFENG0039;Fountain location: Davie & Bute (Jim Deva Plaza);1200 Davie Street;Engineering;Year Round;Y;1200_davie.jpg;"{""coordinates"": [-123.133952, 49.281882], ""type"": ""Point""}";West End;49.281882, -123.133952
DFENG0037;Fountain location: Oak & 46th;Northeast corner of Oak & 46th;Engineering;Year Round;N;oak_46th.jpg;"{""coordinates"": [-123.127987, 49.229344], ""type"": ""Point""}";Oakridge;49.229344, -123.127987
DFENG0040;Fountain location: Point Grey Road & Waterloo;1600 Waterloo St;Engineering;Year Round;N;point_grey_rd_waterloo.jpg;"{""coordinates"": [-123.179475, 49.271936], ""type"": ""Point""}";Kitsilano;49.271936, -123.179475
DFENG0041;Fountain location: River District Crossing & E Kent Ave North;Northeast corner of River District Crossing & E Kent Ave North;Engineering;May-October;N;river_district_e_kent_av_n.jpg;"{""coordinates"": [-123.031131, 49.205331], ""type"": ""Point""}";Killarney;49.205331, -123.031131
DFENG0036;Fountain location:Pt.Grey & MacDonald;Northwest corner of Pt. Grey & MacDonald;Engineering;Year Round;N;point_grey_rd_macdonald.jpg;"{""coordinates"": [-123.167863, 49.271674], ""type"": ""Point""}";Kitsilano;49.271674, -123.167863
DFENG0035;Fountian Location: Fraser & Broadway;Northwest corner of Fraser & Broadway;Engineering;Year Round;N;fraser_broadway.jpg;"{""coordinates"": [-123.089225, 49.262628], ""type"": ""Point""}";Mount Pleasant;49.262628, -123.089225
DFENG0702;Temporary Fountain location: 2067 W 15th Ave;NE corner of 2000 W 15th Ave at Arbutus Greenway;Engineering;May-October;N;;"{""coordinates"": [-123.152452, 49.25823], ""type"": ""Point""}";Kitsilano;49.25823, -123.152452
DFENG0708;Temporary Fountain location: London Drugs;733 Granville St;Engineering;May-October;N;;"{""coordinates"": [-123.118113, 49.282333], ""type"": ""Point""}";Downtown;49.282333, -123.118113
DFENG0605;Temporary Handwashing Station location: 15 E Hastings;15 E Hastings St;Engineering;May-October;N;;"{""coordinates"": [-123.104022, 49.281473], ""type"": ""Point""}";Downtown;49.281473, -123.104022
DFENG0604;Temporary Handwashing Station location: Dunlevy & E Cordova;255 Dunlevy Av;Engineering;May-October;N;;"{""coordinates"": [-123.095427, 49.282337], ""type"": ""Point""}";Strathcona;49.282337, -123.095427
DFENG0602;Temporary Handwashing Station location: E Hastings & Columbia;101 E Hastings St;Engineering;May-October;N;;"{""coordinates"": [-123.102144, 49.281547], ""type"": ""Point""}";Downtown;49.281547, -123.102144
DFENG0606;Temporary Handwashing Station location: The Gathering Place;609 Helmcken St;Engineering;May-October;N;;"{""coordinates"": [-123.123678, 49.277664], ""type"": ""Point""}";Downtown;49.277664, -123.123678
DFPB0001;"Fountain location:
Aberdeen Park";plaza;Parks;spring to fall;;Aberdeen Park - drinking fountain - 2005.JPG;"{""coordinates"": [-123.02723857691211, 49.235052244781656], ""type"": ""Point""}";Renfrew-Collingwood;49.235052244781656, -123.02723857691211
DFPB0003;"Fountain location:
Alexandra Park";west plaza gateway;Parks;spring to fall;;Alexandra Park - drinking fountain - 2003.jpg;"{""coordinates"": [-123.14237717569814, 49.28566025871612], ""type"": ""Point""}";West End;49.28566025871612, -123.14237717569814
DFPB0006;"Fountain location:
Andy Livingstone Park - South of soccer fields";north side of fieldhouse;Parks;spring to fall;;;"{""coordinates"": [-123.10355994686793, 49.27805711332229], ""type"": ""Point""}";Downtown;49.27805711332229, -123.10355994686793
DFPB0007;"Fountain location:
Arbutus Greenway Park";S-side of playground;Parks;spring to fall;;Arbutus Greenway Park - drinking fountain - 2005.JPG;"{""coordinates"": [-123.15530331979778, 49.26223376304301], ""type"": ""Point""}";Kitsilano;49.26223376304301, -123.15530331979778
DFPB0012;"Fountain location:
Bobolink Park";in front of wading pool;Parks;spring to fall;;;"{""coordinates"": [-123.0560918132228, 49.215625829513684], ""type"": ""Point""}";Victoria-Fraserview;49.215625829513684, -123.0560918132228
DFPB0132;"Fountain location:
Brewers Park";S-side of wading pool;Parks;spring to fall;;;"{""coordinates"": [-123.06621079065098, 49.24755549015022], ""type"": ""Point""}";Kensington-Cedar Cottage;49.24755549015022, -123.06621079065098
DFPB0030;"Fountain location:
CRAB Park at Portside";;Parks;;;;"{""coordinates"": [-123.10180591766984, 49.28475995490833], ""type"": ""Point""}";Downtown;49.28475995490833, -123.10180591766984
DFPB0017;"Fountain location:
Charleson Park";N of school off of seawall;Parks;spring to fall;;;"{""coordinates"": [-123.12588611678844, 49.26811789687622], ""type"": ""Point""}";Fairview;49.26811789687622, -123.12588611678844
DFPB0018;"Fountain location:
China Creek North Park";S central side along jogging c;Parks;spring to fall;;;"{""coordinates"": [-123.08311885257991, 49.2644778372994], ""type"": ""Point""}";Mount Pleasant;49.2644778372994, -123.08311885257991
DFPB0025;"Fountain location:
Columbia Park";in front of wading pool;Parks;spring to fall;;Columbia Park - drinking fountain - 2005.JPG;"{""coordinates"": [-123.11299013036627, 49.231930146654], ""type"": ""Point""}";Oakridge;49.231930146654, -123.11299013036627
DFPB0026;"Fountain location:
Connaught Park - North of playground";;Parks;;;;"{""coordinates"": [-123.16141535959855, 49.26187335311721], ""type"": ""Point""}";Kitsilano;49.26187335311721, -123.16141535959855
DFPB0032;"Fountain location:
David Lam Park - South west of basketball courts";near playground and tennis court;Parks;spring to fall;;;"{""coordinates"": [-123.12570510564845, 49.2717379729765], ""type"": ""Point""}";Downtown;49.2717379729765, -123.12570510564845
DFPB0034;"Fountain location:
Devonian Harbour Park";near Stanley Park entrance;Parks;year-round;;;"{""coordinates"": [-123.13598610995344, 49.295091459181194], ""type"": ""Point""}";;49.295091459181194, -123.13598610995344
DFPB0035;"Fountain location:
Douglas Park - Right side of wading pool";in front of wading pool;Parks;spring to fall;;Douglas Park - drinking fountain 1 - 2005.JPG;"{""coordinates"": [-123.12230213245175, 49.25319458591402], ""type"": ""Point""}";South Cambie;49.25319458591402, -123.12230213245175
DFPB0040;"Fountain location:
Emery Barnes Park - South west of playground";;Parks;;;;"{""coordinates"": [-123.12426708261285, 49.27664197562022], ""type"": ""Point""}";Downtown;49.27664197562022, -123.12426708261285
DFPB0042;"Fountain location:
English Bay Beach Park - West of bath-house";opposite entrance to bathhouse;Parks;year-round;;English Bay Park - drinking fountain - 2005.jpg;"{""coordinates"": [-123.14302017755426, 49.28613326803492], ""type"": ""Point""}";West End;49.28613326803492, -123.14302017755426
DFPB0043;"Fountain location:
English Bay Beach Park - concessions";concessions;Parks;spring to fall;;;"{""coordinates"": [-123.13792016443693, 49.27900682012942], ""type"": ""Point""}";West End;49.27900682012942, -123.13792016443693
DFPB0045;"Fountain location:
Fraser River Park - South west";;Parks;spring to fall;;Fraser River Park - drinking fountain - 2007.JPG;"{""coordinates"": [-123.15079343698349, 49.206524604715234], ""type"": ""Point""}";Kerrisdale;49.206524604715234, -123.15079343698349
DFPB0047;"Fountain location:
Fraserview Golf Course - West of kerr st.";West of kerr st.;Parks;spring to fall;;;"{""coordinates"": [-123.04226773752653, 49.211400947247654], ""type"": ""Point""}";Killarney;49.211400947247654, -123.04226773752653
DFPB0050;"Fountain location:
Fraserview Golf Course - driving range";driving range;Parks;spring to fall;;;"{""coordinates"": [-123.0513797921426, 49.21249686599673], ""type"": ""Point""}";Killarney;49.21249686599673, -123.0513797921426
DFPB0056;"Fountain location:
Grandview Park - South of playground";By the Playground;Parks;spring to fall;;;"{""coordinates"": [-123.06985194061305, 49.27384806653218], ""type"": ""Point""}";Grandview-Woodland;49.27384806653218, -123.06985194061305
DFPB0057;"Fountain location:
Granville Loop Park";;Parks;;;;"{""coordinates"": [-123.13774119438631, 49.2672333741722], ""type"": ""Point""}";Fairview;49.2672333741722, -123.13774119438631
DFPB0059;"Fountain location:
Guelph Park";w-side of tennis courts;Parks;spring to fall;;;"{""coordinates"": [-123.09555993281812, 49.26432582925835], ""type"": ""Point""}";Mount Pleasant;49.26432582925835, -123.09555993281812
DFPB0062;"Fountain location:
Harbour Green Park - In front of washrooms";near spray pool;Parks;spring to fall;;;"{""coordinates"": [-123.12167903062401, 49.29010735949297], ""type"": ""Point""}";Downtown;49.29010735949297, -123.12167903062401
DFPB0060;"Fountain location:
Harbour Green Park - Viewpoint";west, by seawall;Parks;spring to fall;;;"{""coordinates"": [-123.1232550375787, 49.291334384434094], ""type"": ""Point""}";Downtown;49.291334384434094, -123.1232550375787
DFPB0066;"Fountain location:
Hastings Park -Plateau Sport Parks / Empire Fields";field house at empire field;Parks;spring to fall;;Hastings Park (Empire Field) - drinking fountain - 2006.JPG;"{""coordinates"": [-123.03424848993296, 49.282669236667665], ""type"": ""Point""}";Hastings-Sunrise;49.282669236667665, -123.03424848993296
DFPB0068;"Fountain location:
Hastings Park -Plateau Sport Parks / Empire Fields";East of basketball courts;Parks;;;Hastings Park (Empire Field) - drinking fountain - 2006.JPG;"{""coordinates"": [-123.034264, 49.282563], ""type"": ""Point""}";Hastings-Sunrise;49.282563, -123.034264
DFPB0067;"Fountain location:
Hastings Park -Plateau Sport Parks / Empire Fields";north of empire field;Parks;spring to fall;;Hastings Park (Empire Field) - drinking fountain - 2006.JPG;"{""coordinates"": [-123.03337505588075, 49.28381447906172], ""type"": ""Point""}";Hastings-Sunrise;49.28381447906172, -123.03337505588075
DFPB0071;"Fountain location:
Hillcrest Park - North of playground";;Parks;;;;"{""coordinates"": [-123.106969, 49.2456626], ""type"": ""Point""}";Riley Park;49.2456626, -123.106969
DFPB0073;"Fountain location:
Jericho Beach Park";;Parks;;;;"{""coordinates"": [-123.19172152670885, 49.27201435405524], ""type"": ""Point""}";West Point Grey;49.27201435405524, -123.19172152670885
DFPB0075;"Fountain location:
Jonathan Rogers Park";E-side of wading pool;Parks;spring to fall;;;"{""coordinates"": [-123.10749900955489, 49.26426982320041], ""type"": ""Point""}";Mount Pleasant;49.26426982320041, -123.10749900955489
DFPB0080;"Fountain location:
Killarney Park - E 45th Ave. @ Killarney St.";north plaza;Parks;spring to fall;;Killarney Park - drinking fountain 2 - 2005.JPG;"{""coordinates"": [-123.04532770779115, 49.22930011794244], ""type"": ""Point""}";Killarney;49.22930011794244, -123.04532770779115
DFPB0079;"Fountain location:
Killarney Park - East of wading pool";in front of wading pool;Parks;spring to fall;;Killarney Park - drinking fountain 1 - 2005.JPG;"{""coordinates"": [-123.04186669078801, 49.227164074533114], ""type"": ""Point""}";Killarney;49.227164074533114, -123.04186669078801
DFPB0083;"Fountain location:
Kitsilano Beach Park - South of playground";besides playground;Parks;spring to fall;;;"{""coordinates"": [-123.153186687643, 49.27478748031104], ""type"": ""Point""}";Kitsilano;49.27478748031104, -123.153186687643
DFPB0088;"Fountain location:
Langara Golf Course - clubhouse building";clubhouse building;Parks;spring to fall;;;"{""coordinates"": [-123.11252814833458, 49.22389007931097], ""type"": ""Point""}";Oakridge;49.22389007931097, -123.11252814833458
DFPB0089;"Fountain location:
Locarno Beach Park";near concessions;Parks;spring to fall;;;"{""coordinates"": [-123.20714961781954, 49.27507501211316], ""type"": ""Point""}";West Point Grey;49.27507501211316, -123.20714961781954
DFPB0090;"Fountain location:
MacDonald Park";near NW corner of tennis court;Parks;spring to fall;;;"{""coordinates"": [-123.09849604345541, 49.230075113614106], ""type"": ""Point""}";Sunset;49.230075113614106, -123.09849604345541
DFPB0093;"Fountain location:
Maple Grove Park - South of baseball diamond";S-side of baseball diamond;Parks;spring to fall;;;"{""coordinates"": [-123.16081645575363, 49.22361195604753], ""type"": ""Point""}";Kerrisdale;49.22361195604753, -123.16081645575363
DFPB0095;"Fountain location:
Marpole Park";west entrance to playground;Parks;spring to fall;;Marpole Park - drinking fountain - 2005.JPG;"{""coordinates"": [-123.13894336301057, 49.20572859250458], ""type"": ""Point""}";Marpole;49.20572859250458, -123.13894336301057
DFPB0100;"Fountain location:
McCleery Golf Course - servive yard";servive yard;Parks;spring to fall;;;"{""coordinates"": [-123.17072538868275, 49.22073774832735], ""type"": ""Point""}";Kerrisdale;49.22073774832735, -123.17072538868275
DFPB0106;"Fountain location:
Moberly Park - Arts & Cultural Centre";;Parks;;;;"{""coordinates"": [-123.08718501007823, 49.21544341401607], ""type"": ""Point""}";Sunset;49.21544341401607, -123.08718501007823
DFPB0107;"Fountain location:
Morton Park";;Parks;spring to fall;;;"{""coordinates"": [-123.14224916999193, 49.287535297882734], ""type"": ""Point""}";West End;49.287535297882734, -123.14224916999193
DFPB0110;"Fountain location:
Nanaimo Park";in front of wading pool;Parks;spring to fall;;Nanaimo Park - drinking fountain - 2005.JPG;"{""coordinates"": [-123.05690478396131, 49.228382094384926], ""type"": ""Point""}";Victoria-Fraserview;49.228382094384926, -123.05690478396131
DFPB0111;"Fountain location:
Nelson Park";middle of park;Parks;spring to fall;;Nelson Park - drinking fountain - 2006.JPG;"{""coordinates"": [-123.12996610354612, 49.28294420590987], ""type"": ""Point""}";West End;49.28294420590987, -123.12996610354612
DFPB0115;"Fountain location:
Norquay Park";front of wading pool;Parks;spring to fall;;;"{""coordinates"": [-123.05081271824574, 49.23827830254492], ""type"": ""Point""}";Renfrew-Collingwood;49.23827830254492, -123.05081271824574
DFPB0117;"Fountain location:
Oak Park - East of fieldhouse";East side of fieldhouse;Parks;spring to fall;;Oak Park - drinking fountain 3 - 2007.JPG;"{""coordinates"": [-123.12814026541413, 49.21698683039526], ""type"": ""Point""}";Marpole;49.21698683039526, -123.12814026541413
DFPB0118;"Fountain location:
Oak Park - East of spray park";In spray park;Parks;spring to fall;;Oak Park - drinking fountain 1 - 2007.JPG;"{""coordinates"": [-123.12737226202022, 49.216689824099134], ""type"": ""Point""}";Marpole;49.216689824099134, -123.12737226202022
DFPB0116;"Fountain location:
Oak Park - North west of field hockey";Near parking lot;Parks;spring to fall;;Oak Park - drinking fountain 2 - 2007.JPG;"{""coordinates"": [-123.12910727287776, 49.21671182405714], ""type"": ""Point""}";Marpole;49.21671182405714, -123.12910727287776
DFPB0120;"Fountain location:
Pandora Park";N-side of wading pool;Parks;spring to fall;;;"{""coordinates"": [-123.0573907228131, 49.28241944355695], ""type"": ""Point""}";Grandview-Woodland;49.28241944355695, -123.0573907228131
DFPB0121;"Fountain location:
Park Site On South East False Creek - Hinge";;Parks;;;;"{""coordinates"": [-123.11019100783243, 49.27115666646443], ""type"": ""Point""}";Mount Pleasant;49.27115666646443, -123.11019100783243
DFPB0122;"Fountain location:
Pioneer Place (Pigeon Park)";;Parks;;;;"{""coordinates"": [-123.10448994330177, 49.281769090820944], ""type"": ""Point""}";Downtown;49.281769090820944, -123.10448994330177
DFPB0124;"Fountain location:
Queen Elizabeth Park - 37th and Ontario";37th and Ontario;Parks;spring to fall;;Queen Elizabeth Park - drinking fountain 1 - 2006.JPG;"{""coordinates"": [-123.10560606822328, 49.23752526603095], ""type"": ""Point""}";Riley Park;49.23752526603095, -123.10560606822328
DFPB0188;"Fountain location:
Riley Park";West side of the park;Parks;;;;"{""coordinates"": [-123.10479228037154, 49.2426880999357], ""type"": ""Point""}";Riley Park;49.2426880999357, -123.10479228037154
DFPB0129;"Fountain location:
Riverfront Park - West of tennis courts";w-side of tennis courts;Parks;spring to fall;;;"{""coordinates"": [-123.05096580744122, 49.205843628445386], ""type"": ""Point""}";Killarney;49.205843628445386, -123.05096580744122
DFPB0131;"Fountain location:
Ross Park";near shelter;Parks;spring to fall;;;"{""coordinates"": [-123.08261997732612, 49.21705184897251], ""type"": ""Point""}";Sunset;49.21705184897251, -123.08261997732612
DFPB0134;"Fountain location:
Rupert Park - South of golf entrance booth";S-side of golf entrance booth;Parks;spring to fall;;Rupert Park - drinking fountain 2 - 2007.JPG;"{""coordinates"": [-123.03062049301315, 49.27317703975057], ""type"": ""Point""}";Hastings-Sunrise;49.27317703975057, -123.03062049301315
DFPB0137;"Fountain location:
Seaforth Peace Park";S end plaza;Parks;spring to fall;;;"{""coordinates"": [-123.14619023821574, 49.27109595186446], ""type"": ""Point""}";Kitsilano;49.27109595186446, -123.14619023821574
DFPB0159;"Fountain location:
Stanley Park - Brockton Cricket Pavilion";Brockton Clubhouse;Parks;;;;"{""coordinates"": [-123.148332, 49.310653], ""type"": ""Point""}";;49.310653, -123.148332
DFPB0161;"Fountain location:
Stanley Park - Dog Off-leash area";Beside Dog off-leash area;Parks;spring to fall;;;"{""coordinates"": [-123.148332, 49.310653], ""type"": ""Point""}";;49.310653, -123.148332
DFPB0141;"Fountain location:
Stanley Park - Prospect Point Lookout";Prospect Point viewing;Parks;spring to fall;;;"{""coordinates"": [-123.1424377015813, 49.313489270665016], ""type"": ""Point""}";;49.313489270665016, -123.1424377015813
DFPB0156;"Fountain location:
Stanley Park - Prospect Point Picnic Site";Prospect Point picnic area;Parks;spring to fall;;;"{""coordinates"": [-123.14818844616497, 49.31072472615588], ""type"": ""Point""}";;49.31072472615588, -123.14818844616497
DFPB0143;"Fountain location:
Stanley Park - Tennis Courts";near Tennis Courts & Fish House;Parks;year-round;;;"{""coordinates"": [-123.14599767463297, 49.292326017929625], ""type"": ""Point""}";;49.292326017929625, -123.14599767463297
DFPB0153;"Fountain location:
Stanley Park - Third Beach Seawall";Third beach seawall;Parks;spring to fall;;;"{""coordinates"": [-123.15632021825063, 49.30326262273198], ""type"": ""Point""}";;49.30326262273198, -123.15632021825063
DFPB0164;"Fountain location:
Strathcona Park - besides baseball diamond";besides baseball diamond;Parks;spring to fall;;;"{""coordinates"": [-123.08667384655139, 49.27493305453203], ""type"": ""Point""}";Strathcona;49.27493305453203, -123.08667384655139
DFPB0168;"Fountain location:
Sutcliffe Park";S-side of false creek communit;Parks;spring to fall;;;"{""coordinates"": [-123.13401616561772, 49.26922691690112], ""type"": ""Point""}";Fairview;49.26922691690112, -123.13401616561772
DFPB0170;"Fountain location:
Tecumseh Park";middle of park;Parks;spring to fall;;;"{""coordinates"": [-123.07017586403101, 49.2297128163117], ""type"": ""Point""}";Victoria-Fraserview;49.2297128163117, -123.07017586403101
DFPB0172;"Fountain location:
Trafalgar Park";E-side of wading pool;Parks;spring to fall;;;"{""coordinates"": [-123.16382240251893, 49.25137853323129], ""type"": ""Point""}";Arbutus-Ridge;49.25137853323129, -123.16382240251893
DFPB0173;"Fountain location:
Trillium Park";on west side of building;Parks;spring to fall;;;"{""coordinates"": [-123.09310688779313, 49.27506635498275], ""type"": ""Point""}";Strathcona;49.27506635498275, -123.09310688779313
DFPB0176;"Fountain location:
Vanier Park (Burrard Civic Marina)";;Parks;year-round;;;"{""coordinates"": [-123.13975418570803, 49.27521804024948], ""type"": ""Point""}";Kitsilano;49.27521804024948, -123.13975418570803
DFPB0179;"Fountain location:
W.C. Shelly Park";;Parks;spring to fall;;;"{""coordinates"": [-123.07309279284456, 49.26315381297962], ""type"": ""Point""}";Grandview-Woodland;49.26315381297962, -123.07309279284456
DFPB0183;"Fountain location:
West Point Grey Park - North of wading pool";N-side of wading pool;Parks;spring to fall;;;"{""coordinates"": [-123.20524762794798, 49.266126826024426], ""type"": ""Point""}";West Point Grey;49.266126826024426, -123.20524762794798
DFENG0811;Temporary Misting Station Location: Oppenheimer Park;NE Corner of Oppenheimer Park;Engineering;May-October;N;;"{""coordinates"": [-123.093796, 49.282808], ""type"": ""Point""}";Strathcona;49.282808, -123.093796
DFENG0804;Temporary Misting Station location: Commercial & E 10th;NE corner of Commercial St & E 10th Ave;Engineering;May-October;N;;"{""coordinates"": [-123.069583, 49.261443], ""type"": ""Point""}";Kensington-Cedar Cottage;49.261443, -123.069583
DFENG0810;Temporary Misting Station location: W 70th Ave & Hudson St;W 70th Ave & Hudson St;Engineering;May-October;N;;"{""coordinates"": [-123.134724, 49.208585], ""type"": ""Point""}";Marpole;49.208585, -123.134724
DFENG0503;"Bottle Filling Station location: 
Granville St Pumping Station";North side of sewage pumping station under Granville Bridge on bike route;Engineering;Year Round;N;GranvilleStPumpingStation.jpg;"{""coordinates"": [-123.131579, 49.2733345], ""type"": ""Point""}";Downtown;49.2733345, -123.131579
DFENG0504;"Bottle Filling Station location: 
Kitsilano Pumping Station";North side of sewage pumping station on w/s/ 1300 Arbutus;Engineering;Year Round;N;KitsilanoPumpingStation.jpg;"{""coordinates"": [-123.1527806, 49.2737142], ""type"": ""Point""}";Kitsilano;49.2737142, -123.1527806
DFENG0505;"Bottle Filling Station location: 
Thornton Park Pumping Station";West side of sewage pumping station on w/s/ 1200 Station St;Engineering;Year Round;N;ThorntonParkPumpingStation.jpg;"{""coordinates"": [-123.098886, 49.2730368], ""type"": ""Point""}";Strathcona;49.2730368, -123.098886
DFENG0011;"Fountain location:
1650 W 7th";Midblock, outside of 1650 W 7th;Engineering;May-October;Y;1650_w7th.jpg;"{""coordinates"": [-123.142081, 49.265329], ""type"": ""Point""}";Fairview;49.265329, -123.142081
DFENG0002;"Fountain location:
39th & Nanaimo";Southwest corner of 39th & Nanaimo;Engineering;May-October;N;39th_nanaimo.jpg;"{""coordinates"": [-123.058912, 49.234752], ""type"": ""Point""}";Kensington-Cedar Cottage;49.234752, -123.058912
DFENG0003;"Fountain location:
4th & Arbutus";Northeast corner of 4th & Arbutus;Engineering;May-October;N;4th_arbutus.jpg;"{""coordinates"": [-123.152706, 49.26822777], ""type"": ""Point""}";Kitsilano;49.26822777, -123.152706
DFENG0014;"Fountain location:
7th & Yukon";Southwest corner of 7th & Yukon;Engineering;May-October;N;7th_yukon.jpg;"{""coordinates"": [-123.112967, 49.2646599], ""type"": ""Point""}";Mount Pleasant;49.2646599, -123.112967
DFENG0015;"Fountain location:
Broadway & Ontario";Southwest corner of Broadway & Ontario;Engineering;May-October;N;broadway_ontario.jpg;"{""coordinates"": [-123.105026, 49.262875], ""type"": ""Point""}";Mount Pleasant;49.262875, -123.105026
DFENG0024;"Fountain location:
Burrard & Davie";Northwest corner of Burrard & Davie;Engineering;Year Round;N;davie_burrard.jpg;"{""coordinates"": [-123.12923210062, 49.2792475453812], ""type"": ""Point""}";West End;49.2792475453812, -123.12923210062
DFENG0028;"Fountain location:
Gilford & Comox";Northwest corner of Gilford & Comox;Engineering;May-October;N;gilford_comox.jpg;"{""coordinates"": [-123.14128655, 49.28977703], ""type"": ""Point""}";West End;49.28977703, -123.14128655
DFENG0006;"Fountain location:
Gilford & Nelson";Northwest corner of Gilford & Nelson;Engineering;May-October;N;gilford_nelson.jpg;"{""coordinates"": [-123.14022516, 49.29049866], ""type"": ""Point""}";West End;49.29049866, -123.14022516
DFENG0034;"Fountain location:
Hastings & Kamloops";Northeast corner of Hastings & Kamloops;Engineering;May-October;N;hastings_kamloops.jpg;"{""coordinates"": [-123.054448, 49.280998], ""type"": ""Point""}";Hastings-Sunrise;49.280998, -123.054448
DFENG0008;"Fountain location:
Nicola & Beach";Northeast corner of Nicola & Beach;Engineering;May-October;N;nicola_beach.jpg;"{""coordinates"": [-123.140508, 49.282385], ""type"": ""Point""}";West End;49.282385, -123.140508
DFENG0046;Fountain location: 733 W 14th Avenue;North side of 14th Avenue;Engineering;Year Round;N;773_w_14th.jpg;"{""coordinates"": [-123.121414, 49.258738], ""type"": ""Point""}";Fairview;49.258738, -123.121414
DFENG0044;Fountain location: Cambie & 29th Avenue;Southwest corner of Cambie & 29th Avenue;Engineering;Year Round;N;cambie_29th.jpg;"{""coordinates"": [-123.116339, 49.245083], ""type"": ""Point""}";South Cambie;49.245083, -123.116339
DFENG0053;Fountain location: Gilford St & Haro St;Gilford mini park;Engineering;Year Round;Y;;"{""coordinates"": [-123.138092, 49.291825], ""type"": ""Point""}";West End;49.291825, -123.138092
DFENG0043;Fountain location: Ormidale St & Vanness Avenue;Southeast corner of Ormidale St & Vanness Avenue;Engineering;Year Round;N;ormidale_vanness.jpg;"{""coordinates"": [-123.024717, 49.234702], ""type"": ""Point""}";Renfrew-Collingwood;49.234702, -123.024717
DFENG0042;Fountain location: W 63rd Avenue & Yukon Street;Southeast corner of W 63rd Avenue & Yukon Street;Engineering;Year Round;N;yukon_63rd.jpg;"{""coordinates"": [-123.114629, 49.213173], ""type"": ""Point""}";Marpole;49.213173, -123.114629
DFENG0038;Fountain location:Nelson & Howe;Southeast corner of Nelson & Howe;Engineering;Year Round;N;nelson_howe.jpg;"{""coordinates"": [-123.123513, 49.279672], ""type"": ""Point""}";Downtown;49.279672, -123.123513
DFENG0705;Temporary Fountain location: Commercial & E Broadway;NE corner of Commercial Drive & East Broadway;Engineering;May-October;N;;"{""coordinates"": [-123.069471, 49.262436], ""type"": ""Point""}";Grandview-Woodland;49.262436, -123.069471
DFENG0703;Temporary Fountain location: Main & E Hastings;NW corner of E Hastings St and Main St;Engineering;May-October;N;;"{""coordinates"": [-123.099907, 49.281431], ""type"": ""Point""}";Downtown;49.281431, -123.099907
DFENG0706;Temporary Fountain location: Powell & Gore;SW corner of Powell St and Gore Ave;Engineering;May-October;N;;"{""coordinates"": [-123.097852, 49.283263], ""type"": ""Point""}";Strathcona;49.283263, -123.097852
DFENG0707;Temporary Fountain location: Powell & Jackson;477 Powell St;Engineering;May-October;N;;"{""coordinates"": [-123.093446, 49.283174], ""type"": ""Point""}";Strathcona;49.283174, -123.093446
DFENG0608;Temporary Handwashing Station location: 201 Central;201 Central St;Engineering;May-October;N;;"{""coordinates"": [-123.099444, 49.271398], ""type"": ""Point""}";Strathcona;49.271398, -123.099444
DFENG0609;Temporary Handwashing Station location: 384 Main;384 Main St;Engineering;May-October;N;;"{""coordinates"": [-123.097359, 49.281754], ""type"": ""Point""}";Strathcona;49.281754, -123.097359
DFENG0607;Temporary Handwashing Station location: ICBC 999 Kingsway;999 Kingsway;Engineering;May-October;N;;"{""coordinates"": [-123.085449, 49.254676], ""type"": ""Point""}";Kensington-Cedar Cottage;49.254676, -123.085449
DFPB0002;"Fountain location:
Adanac Park";SW side of Field house;Parks;spring to fall;;;"{""coordinates"": [-123.0241254441794, 49.27596410057139], ""type"": ""Point""}";Hastings-Sunrise;49.27596410057139, -123.0241254441794
DFPB0005;"Fountain location:
Andy Livingstone Park - North of basketball court";by amphitheatre steps near bas;Parks;spring to fall;;;"{""coordinates"": [-123.10617896100499, 49.278917130264055], ""type"": ""Point""}";Downtown;49.278917130264055, -123.10617896100499
DFPB0009;"Fountain location:
Art Phillips Park (Discovery Square)";NW plaza;Parks;spring to fall;;Discovery Square - drinking fountain - 2005.JPG;"{""coordinates"": [-123.12092403672209, 49.28602527394457], ""type"": ""Point""}";Downtown;49.28602527394457, -123.12092403672209
DFPB0010;"Fountain location:
Balaclava Park";W of wading pool;Parks;spring to fall;;;"{""coordinates"": [-123.17532748987207, 49.24571941099743], ""type"": ""Point""}";Dunbar-Southlands;49.24571941099743, -123.17532748987207
DFPB0013;"Fountain location:
Burrard View Park";N-side of wading pool;Parks;spring to fall;;;"{""coordinates"": [-123.05046757249366, 49.290521395563395], ""type"": ""Point""}";Hastings-Sunrise;49.290521395563395, -123.05046757249366
DFPB0192;"Fountain location:
Cedar Cottage Park";Near Sport courts;Parks;;;;"{""coordinates"": [-123.07677246160404, 49.260897510427014], ""type"": ""Point""}";Kensington-Cedar Cottage;49.260897510427014, -123.07677246160404
DFPB0016;"Fountain location:
Chaldecott Park";W-side of spray park;Parks;spring to fall;;;"{""coordinates"": [-123.19167358377561, 49.24969048752799], ""type"": ""Point""}";Dunbar-Southlands;49.24969048752799, -123.19167358377561
DFPB0019;"Fountain location:
China Creek South Park";S-side of skate park;Parks;spring to fall;;;"{""coordinates"": [-123.0790458346744, 49.26174978155622], ""type"": ""Point""}";Mount Pleasant;49.26174978155622, -123.0790458346744
DFPB0020;"Fountain location:
Clark Park";;Parks;;;;"{""coordinates"": [-123.07309180917856, 49.256851681418766], ""type"": ""Point""}";Kensington-Cedar Cottage;49.256851681418766, -123.07309180917856
DFPB0022;"Fountain location:
Clinton Park - North side of ball diamond";N-side of B-ball diamond;Parks;spring to fall;;;"{""coordinates"": [-123.05167063296136, 49.27138699405095], ""type"": ""Point""}";Hastings-Sunrise;49.27138699405095, -123.05167063296136
DFPB0024;"Fountain location:
Collingwood Park";in front of wading pool;Parks;spring to fall;;;"{""coordinates"": [-123.03636462915456, 49.2370512820887], ""type"": ""Point""}";Renfrew-Collingwood;49.2370512820887, -123.03636462915456
DFPB0027;"Fountain location:
Connaught Park - East side of fieldhouse";near fieldhouse;Parks;year-round;;Connaught Park - drinking fountain - 2005.JPG;"{""coordinates"": [-123.15932134359271, 49.26297477699926], ""type"": ""Point""}";Kitsilano;49.26297477699926, -123.15932134359271
DFPB0028;"Fountain location:
Coopers' Park";;Parks;;;;"{""coordinates"": [-123.11304201854614, 49.27391462297168], ""type"": ""Point""}";Downtown;49.27391462297168, -123.11304201854614
DFPB0029;"Fountain location:
Coopers' Park - underneath bridge, near basket";underneath bridge, near basket;Parks;spring to fall;;Coopers Park - drinking fountain - 2005.JPG;"{""coordinates"": [-123.11463403132457, 49.2729040014691], ""type"": ""Point""}";Downtown;49.2729040014691, -123.11463403132457
DFPB0031;"Fountain location:
Creekside Park";;Parks;;;;"{""coordinates"": [-123.10299407627441, 49.27436956341148], ""type"": ""Point""}";Downtown;49.27436956341148, -123.10299407627441
DFPB0037;"Fountain location:
Ebisu Park";near playground;Parks;spring to fall;;Ebisu Park - drinking fountain - 2008.JPG;"{""coordinates"": [-123.13283432618276, 49.20551059072722], ""type"": ""Point""}";Marpole;49.20551059072722, -123.13283432618276
DFPB0041;"Fountain location:
English Bay Beach Park - Davie st entrance";Davie st entrance;Parks;spring to fall;;English Bay Park - drinking fountain - 2005.jpg;"{""coordinates"": [-123.14255817215084, 49.28752529728865], ""type"": ""Point""}";West End;49.28752529728865, -123.14255817215084
DFPB0044;"Fountain location:
Falaise Park";in front of wading pool;Parks;spring to fall;;;"{""coordinates"": [-123.02996353965862, 49.25494765836279], ""type"": ""Point""}";Renfrew-Collingwood;49.25494765836279, -123.02996353965862
DFPB0049;"Fountain location:
Fraserview Golf Course - 6th tee";6th tee;Parks;spring to fall;;;"{""coordinates"": [-123.04567976712876, 49.20831528164534], ""type"": ""Point""}";Killarney;49.20831528164534, -123.04567976712876
DFPB0048;"Fountain location:
Fraserview Golf Course - clubhouse building";clubhouse building;Parks;spring to fall;;;"{""coordinates"": [-123.05151778887551, 49.214039497855346], ""type"": ""Point""}";Killarney;49.214039497855346, -123.05151778887551
DFPB0051;"Fountain location:
Garden Park";N-side of field house;Parks;spring to fall;;;"{""coordinates"": [-123.05841268395888, 49.268494930486206], ""type"": ""Point""}";Grandview-Woodland;49.268494930486206, -123.05841268395888
DFPB0052;"Fountain location:
Gaston Park";near basketball court;Parks;spring to fall;;Gaston Park - drinking fountain - 2005.JPG;"{""coordinates"": [-123.03139559954171, 49.236603275262475], ""type"": ""Point""}";Renfrew-Collingwood;49.236603275262475, -123.03139559954171
DFPB0054;"Fountain location:
George Wainborn Park";NE corner near seawall;Parks;spring to fall;;;"{""coordinates"": [-123.12977813047853, 49.271907974746064], ""type"": ""Point""}";Downtown;49.271907974746064, -123.12977813047853
DFPB0061;"Fountain location:
Harbour Green Park - foot of Jervis Mews";foot of Jervis Mews;Parks;spring to fall;;;"{""coordinates"": [-123.12316503926135, 49.29064536983438], ""type"": ""Point""}";Downtown;49.29064536983438, -123.12316503926135
DFPB0064;"Fountain location:
Hastings Community Park - SE of tennis courts";besides path leading to spray;Parks;spring to fall;;Hastings Community Park - drinking fountain - 2005.JPG;"{""coordinates"": [-123.04060853748953, 49.280475188141146], ""type"": ""Point""}";Hastings-Sunrise;49.280475188141146, -123.04060853748953
DFPB0065;"Fountain location:
Hastings Park - Italian gardens";near skate park;Parks;spring to fall;;Hastings Park (Empire Field) - drinking fountain - 2006.JPG;"{""coordinates"": [-123.04294354474824, 49.28325024558667], ""type"": ""Point""}";Hastings-Sunrise;49.28325024558667, -123.04294354474824
DFPB0070;"Fountain location:
Hastings Park -Plateau Sport Parks / Empire Fields";empire field - soccer fields;Parks;;;Hastings Park (Empire Field) - drinking fountain - 2006.JPG;"{""coordinates"": [-123.034264, 49.282563], ""type"": ""Point""}";Hastings-Sunrise;49.282563, -123.034264
DFPB0069;"Fountain location:
Hastings Park -Plateau Sport Parks / Empire Fields";East of playgrounds;Parks;;;Hastings Park (Empire Field) - drinking fountain - 2006.JPG;"{""coordinates"": [-123.03448505726166, 49.28299828401808], ""type"": ""Point""}";Hastings-Sunrise;49.28299828401808, -123.03448505726166
DFPB0074;"Fountain location:
John Hendry (Trout Lake) Park";nearby beach;Parks;spring to fall;;;"{""coordinates"": [-123.06197074568475, 49.25403462695769], ""type"": ""Point""}";Kensington-Cedar Cottage;49.25403462695769, -123.06197074568475
DFPB0077;"Fountain location:
Kensington Park";between baseball diamond and parking lots;Parks;spring to fall;;;"{""coordinates"": [-123.07427486768654, 49.238243292967304], ""type"": ""Point""}";Kensington-Cedar Cottage;49.238243292967304, -123.07427486768654
DFPB0081;"Fountain location:
Kingcrest Park";E-side of washroom;Parks;spring to fall;;Kingcrest Park - drinking fountain - 2005.JPG;"{""coordinates"": [-123.0745638442458, 49.247430484145035], ""type"": ""Point""}";Kensington-Cedar Cottage;49.247430484145035, -123.0745638442458
DFPB0087;"Fountain location:
Langara Golf Course - East of tennis courts";56th and Ontario;Parks;spring to fall;;;"{""coordinates"": [-123.10632012065498, 49.21951059074085], ""type"": ""Point""}";Oakridge;49.21951059074085, -123.10632012065498
DFPB0096;"Fountain location:
McBride Park";S of playground;Parks;spring to fall;;McBride Park - drinking fountain - 2007.JPG;"{""coordinates"": [-123.18011946249462, 49.26802887520497], ""type"": ""Point""}";Kitsilano;49.26802887520497, -123.18011946249462
DFPB0098;"Fountain location:
McCleery Golf Course - clubhouse building";clubhouse building;Parks;spring to fall;;;"{""coordinates"": [-123.16784850616567, 49.221060000503236], ""type"": ""Point""}";Kerrisdale;49.221060000503236, -123.16784850616567
DFPB0099;"Fountain location:
McCleery Golf Course - driving range";driving range;Parks;spring to fall;;;"{""coordinates"": [-123.16961351863812, 49.22069559153487], ""type"": ""Point""}";Kerrisdale;49.22069559153487, -123.16961351863812
DFPB0103;"Fountain location:
Memorial South Park - West of wading pool";W-side of wading pool;Parks;year-round;;;"{""coordinates"": [-123.08690730640086, 49.231445967892725], ""type"": ""Point""}";Sunset;49.231445967892725, -123.08690730640086
DFPB0105;"Fountain location:
Moberly Park - West of tennis courts";in front of tennis courts;Parks;spring to fall;;;"{""coordinates"": [-123.08458399526312, 49.21493280370756], ""type"": ""Point""}";Sunset;49.21493280370756, -123.08458399526312
DFPB0108;"Fountain location:
Mosaic Creek Park";near children's play area;Parks;spring to fall;;;"{""coordinates"": [-123.0742017723588, 49.27329802539632], ""type"": ""Point""}";Grandview-Woodland;49.27329802539632, -123.0742017723588
DFPB0113;"Fountain location:
New Brighton Park - South of pool";S-side of pool;Parks;spring to fall;;New Brighton - drinking fountain 2 - 2007.JPG;"{""coordinates"": [-123.03665048696202, 49.28937437677413], ""type"": ""Point""}";Hastings-Sunrise;49.28937437677413, -123.03665048696202
DFPB0119;"Fountain location:
Oppenheimer Park";;Parks;;;;"{""coordinates"": [-123.09404187251305, 49.28300722094974], ""type"": ""Point""}";Strathcona;49.28300722094974, -123.09404187251305
DFPB0125;"Fountain location:
Queen Elizabeth Park - At Conservatory";At Conservatory;Parks;spring to fall;;Queen Elizabeth Park (Ontario Greenway) - drinking fountain 2 - 2006.JPG;"{""coordinates"": [-123.11352810609957, 49.2423803644047], ""type"": ""Point""}";Riley Park;49.2423803644047, -123.11352810609957
DFPB0130;"Fountain location:
Robson Park";N-side of wading pool;Parks;spring to fall;;;"{""coordinates"": [-123.09189692645658, 49.25789769612121], ""type"": ""Point""}";Mount Pleasant;49.25789769612121, -123.09189692645658
DFPB0136;"Fountain location:
Rupert Park - East of fieldhouse";E-side of Field house;Parks;spring to fall;;Rupert Park - drinking fountain 1 - 2007.JPG;"{""coordinates"": [-123.03061150164847, 49.27025397819598], ""type"": ""Point""}";Hastings-Sunrise;49.27025397819598, -123.03061150164847
DFPB0155;"Fountain location:
Stanley Park - Brockton Oval Fieldhouse";brockton oval;Parks;spring to fall;;;"{""coordinates"": [-123.12613848786123, 49.29975598431441], ""type"": ""Point""}";;49.29975598431441, -123.12613848786123
DFPB0158;"Fountain location:
Stanley Park - Brockton Point Viewpoint";Brockton point - lighthouse;Parks;spring to fall;;;"{""coordinates"": [-123.148332, 49.310653], ""type"": ""Point""}";;49.310653, -123.148332
DFPB0145;"Fountain location:
Stanley Park - Ceperley Washrooms";Ceperley washrooms;Parks;spring to fall;;;"{""coordinates"": [-123.14870677517186, 49.293751732669826], ""type"": ""Point""}";;49.293751732669826, -123.14870677517186
DFPB0160;"Fountain location:
Stanley Park - Lawn Bowling Club";Lawn Bowling;Parks;spring to fall;;;"{""coordinates"": [-123.148332, 49.310653], ""type"": ""Point""}";;49.310653, -123.148332
DFPB0154;"Fountain location:
Stanley Park - Legends Of The Moon Washroom";Legends Of The Moon - Washroom;Parks;;;;"{""coordinates"": [-123.12128509247478, 49.299634364378655], ""type"": ""Point""}";;49.299634364378655, -123.12128509247478
DFPB0147;"Fountain location:
Stanley Park - Prospect Point Washrooms";prospect point washrooms;Parks;spring to fall;;;"{""coordinates"": [-123.14271559277007, 49.312494515728226], ""type"": ""Point""}";;49.312494515728226, -123.14271559277007
DFPB0157;"Fountain location:
Stanley Park - Stanley Park Pavilion";pavillion outside washrooms;Parks;;;;"{""coordinates"": [-123.13379001924541, 49.29960619520646], ""type"": ""Point""}";;49.29960619520646, -123.13379001924541
DFPB0146;"Fountain location:
Stanley Park - West of Restaurant";W - side of Fish House;Parks;spring to fall;;;"{""coordinates"": [-123.1469851874114, 49.292345397302135], ""type"": ""Point""}";;49.292345397302135, -123.1469851874114
DFPB0148;"Fountain location:
Stanley Park - West side of Stanley Park Train";;Parks;;;;"{""coordinates"": [-123.13451408205303, 49.301668197766205], ""type"": ""Point""}";;49.301668197766205, -123.13451408205303
DFPB0163;"Fountain location:
Strathcona Park - North west of basketball court";besides basketball court;Parks;spring to fall;;;"{""coordinates"": [-123.08556206292319, 49.27601569903952], ""type"": ""Point""}";Strathcona;49.27601569903952, -123.08556206292319
DFPB0167;"Fountain location:
Sunset Park";front of wading pool;Parks;spring to fall;;;"{""coordinates"": [-123.09646723658864, 49.22295426740642], ""type"": ""Point""}";Sunset;49.22295426740642, -123.09646723658864
DFPB0169;"Fountain location:
Tea Swamp Park";NE corner of park;Parks;spring to fall;;;"{""coordinates"": [-123.09857497062325, 49.25746168419921], ""type"": ""Point""}";Mount Pleasant;49.25746168419921, -123.09857497062325
DFPB0171;"Fountain location:
Tisdall Park";near North baseball diamond;Parks;spring to fall;;;"{""coordinates"": [-123.11825117290374, 49.22847607289638], ""type"": ""Point""}";Oakridge;49.22847607289638, -123.11825117290374
DFPB0187;"Fountain location:
Vancouver Technical HS";NE of the sport field;Parks;;;;"{""coordinates"": [-123.05011946685549, 49.26062486270534], ""type"": ""Point""}";Renfrew-Collingwood;49.26062486270534, -123.05011946685549
DFPB0174;"Fountain location:
Vandusen Botanical Garden - upper gardens";upper gardens;Parks;spring to fall;;;"{""coordinates"": [-123.12992421918467, 49.23872068169798], ""type"": ""Point""}";Shaughnessy;49.23872068169798, -123.12992421918467
DFPB0177;"Fountain location:
Victoria Park";adjacent to children's play area;Parks;spring to fall;;Victoria Park - drinking fountain - 2007.JPG;"{""coordinates"": [-123.06674701318637, 49.27171896210611], ""type"": ""Point""}";Grandview-Woodland;49.27171896210611, -123.06674701318637
DFPB0178;"Fountain location:
Victory Square";south corner of park;Parks;spring to fall;;Victory Square - drinking fountain - 2008.JPG;"{""coordinates"": [-123.11005097846787, 49.2819511927667], ""type"": ""Point""}";Downtown;49.2819511927667, -123.11005097846787
DFPB0180;"Fountain location:
West End minipark";Bute & Haro;Parks;spring to fall;;West End Minipark @ Bute & Haro - drinking fountain - 2005.JPG;"{""coordinates"": [-123.1280300840173, 49.285296255875174], ""type"": ""Point""}";West End;49.285296255875174, -123.1280300840173
DFPB0185;"Fountain location:
Woodland Park";in front of wading pool;Parks;spring to fall;;;"{""coordinates"": [-123.07340875242025, 49.278548135565664], ""type"": ""Point""}";Grandview-Woodland;49.278548135565664, -123.07340875242025
DFENG0801;Temporary Misting Station location: Columbia & Powell;NE corner of Columbia St & Powell St;Engineering;May-October;N;;"{""coordinates"": [-123.102033, 49.283301], ""type"": ""Point""}";Downtown;49.283301, -123.102033
DFENG0809;Temporary Misting Station location: Main St & 14th Ave;Main st & 14th Ave;Engineering;May-October;N;;"{""coordinates"": [-123.100806, 49.258476], ""type"": ""Point""}";Mount Pleasant;49.258476, -123.100806
DFENG0805;Temporary Misting Station location: Thornton Park;East side of Thornton Park across from Pacific Central;Engineering;May-October;N;;"{""coordinates"": [-123.098856, 49.273801], ""type"": ""Point""}";Strathcona;49.273801, -123.098856
DFENG0502;"Bottle Filling Station location: 
Granville Island Pumping Station";North side of sewage pumping station on seawall east of the granville island entrance;Engineering;Year Round;N;GranvilleIslandPumpingStation.jpg;"{""coordinates"": [-123.136177, 49.269566], ""type"": ""Point""}";Fairview;49.269566, -123.136177
DFENG0004;"Fountain location:
56th & Ontario";Northwest corner of 56th & Ontario;Engineering;May-October;Y;56th_ontario.jpg;"{""coordinates"": [-123.106415, 49.219505], ""type"": ""Point""}";Oakridge;49.219505, -123.106415
DFENG0032;"Fountain location:
Broadway & Stephens";Northwest corner of Broadway & Stephens;Engineering;May-October;N;w_broadway_stephens.jpg;"{""coordinates"": [-123.1666474, 49.26423514], ""type"": ""Point""}";Kitsilano;49.26423514, -123.1666474
DFENG0016;"Fountain location:
Broadway & Victoria";Southeast corner of Broadway & Victoria;Engineering;May-October;N;broadway_victoria.jpg;"{""coordinates"": [-123.065619, 49.262066], ""type"": ""Point""}";Kensington-Cedar Cottage;49.262066, -123.065619
DFENG0021;"Fountain location:
Commercial & 3rd";Northeast corner of Commercial & 3rd;Engineering;May-October;Y;commercial_3rd.jpg;"{""coordinates"": [-123.06939067, 49.2678194], ""type"": ""Point""}";Grandview-Woodland;49.2678194, -123.06939067
DFENG0025;"Fountain location:
Comox & Cardero";Northeast corner of Comox & Cardero;Engineering;Year Round;N;comox_cardero.jpg;"{""coordinates"": [-123.136516, 49.2867384], ""type"": ""Point""}";West End;49.2867384, -123.136516
DFENG0026;"Fountain location:
Comox & Chilco";In mini park at Comox & Chilco;Engineering;May-October;N;comox_chilco.jpg;"{""coordinates"": [-123.14264686, 49.29067407], ""type"": ""Point""}";West End;49.29067407, -123.14264686
DFENG0027;"Fountain location:
Comox & Denman";Northwest corner of Comox & Denman;Engineering;Year Round;N;comox_denman.jpg;"{""coordinates"": [-123.13969, 49.2887857], ""type"": ""Point""}";West End;49.2887857, -123.13969
DFENG0019;"Fountain location:
Granville & Robson";Northwest corner of Granville & Robson;Engineering;Year Round;N;granville_robson.jpg;"{""coordinates"": [-123.119937, 49.281542], ""type"": ""Point""}";Downtown;49.281542, -123.119937
DFENG0023;"Fountain location:
Main & 11th";Southeast corner of Main & 11th;Engineering;Year Round;N;main_11th.jpg;"{""coordinates"": [-123.100784, 49.2610594], ""type"": ""Point""}";Mount Pleasant;49.2610594, -123.100784
DFENG0007;"Fountain location:
Nelson & Broughton";In mini park at Nelson & Broughton;Engineering;May-October;N;neslon_broughton.jpg;"{""coordinates"": [-123.13333675, 49.28571023], ""type"": ""Point""}";West End;49.28571023, -123.13333675
DFENG0051;Fountain location: 10th & Willow;Northwest corner of 10th & Willow;Engineering;Year Round;N;10th_willow.jpg;"{""coordinates"": [-123.122156, 49.262387], ""type"": ""Point""}";Fairview;49.262387, -123.122156
DFENG0049;Fountain location: 11th & Prince Edward;Northeast corner of 11th & Prince Edward;Engineering;May-October;Y;11th_prince_edward.jpg;"{""coordinates"": [-123.09634, 49.261036], ""type"": ""Point""}";Mount Pleasant;49.261036, -123.09634
DFENG0045;Fountain location: 2001 W 10th Avenue;North side of 10th Avenue;Engineering;May-October;N;2033_w10th.jpg;"{""coordinates"": [-123.152238, 49.262911], ""type"": ""Point""}";Kitsilano;49.262911, -123.152238
DFENG0048;Fountain location: 375 W 59th Avenue;Northeast corner of Alberta St and W 59th Ave;Engineering;Year Round;N;375_w_59th.jpg;"{""coordinates"": [-123.11323, 49.217003], ""type"": ""Point""}";Marpole;49.217003, -123.11323
DFENG0052;Fountain location: 8683 Kerr;Southwest side of Kerr;Engineering;May-October;Y;8683_kerr.jpg;"{""coordinates"": [-123.042394, 49.20577], ""type"": ""Point""}";Killarney;49.20577, -123.042394
DFENG0031;Fountain location: Cambie & 10th;Northeast corner of Cambie & 10th;Engineering;Year Round;N;10th_cambie.jpg;"{""coordinates"": [-123.114544, 49.262294], ""type"": ""Point""}";Mount Pleasant;49.262294, -123.114544
DFENG0711;Temporary Fountain location: E Hastings & Heatley;NE corner of E Hastings St and Heatley Ave;Engineering;May-October;N;;"{""coordinates"": [-123.089387, 49.281264], ""type"": ""Point""}";Strathcona;49.281264, -123.089387
DFENG0710;Temporary Fountain location: Wessex & Kingsway;3357 Kingsway;Engineering;May-October;N;;"{""coordinates"": [-123.034049, 49.233332], ""type"": ""Point""}";Renfrew-Collingwood;49.233332, -123.034049
DFENG0603;Temporary Handwashing Station location: Evelyne Saller Centre;320 Alexander  St;Engineering;May-October;N;;"{""coordinates"": [-123.097629, 49.284006], ""type"": ""Point""}";Strathcona;49.284006, -123.097629
DFENG0601;Temporary Handwashing Station location: Union Gospel Mission;601 E Hastings St;Engineering;May-October;N;;"{""coordinates"": [-123.091297, 49.281446], ""type"": ""Point""}";Strathcona;49.281446, -123.091297
